{
    "2": -0.7260000000000012,
    "4": -0.7560000000000009,
    "6": -0.48399999999999976,
    "8": -0.4839999999999999
}